Development Plan — Phases & Tasks,,,,,,,,
Phase,Task ID,Task,Track,Week,Owner,Status,Depends On,Notes
Phase 0 — Setup & Design (Days 1-3),P0-01,Agree on MVP scope & get sign-off,Shared,Week 1,,Not Started,-,Foundation for everything
Phase 0 — Setup & Design (Days 1-3),P0-02,Define REST/JSON API contract (BE↔FE↔MO),Shared,Week 1,,Not Started,P0-01,Unblocks parallel work
Phase 0 — Setup & Design (Days 1-3),P0-03,"Design DB schema (Users, Institutions, Fees, Payments, Receipts)",Backend,Week 1,,Not Started,P0-01,
Phase 0 — Setup & Design (Days 1-3),P0-04,Project & repo setup + environments,Backend,Week 1,,Not Started,-,
Phase 0 — Setup & Design (Days 1-3),P0-05,Study T24 WSDL + build SOAP client + test call on mock,Backend,Week 1,,Complete,P0-04,Use MOCKFees Retrieve op to validate
Phase 0 — Setup & Design (Days 1-3),P0-06,Wireframes for core screens,Frontend,Week 1,,Not Started,P0-01,
Phase 0 — Setup & Design (Days 1-3),P0-07,Web project setup + page structure,Frontend,Week 1,,Not Started,-,
Phase 0 — Setup & Design (Days 1-3),P0-08,Mobile project setup + navigation structure,Mobile,Week 1,,Not Started,-,
Phase 1 — Auth & CIB Account Linking,P1-01,Register / Login API (Parent / Student / Institution),Backend,Week 1,,Complete,P0-03,
Phase 1 — Auth & CIB Account Linking,P1-02,Token / session management,Backend,Week 1,,Complete,P1-01,
Phase 1 — Auth & CIB Account Linking,P1-03,CIB customer verification via T24 adapter,Backend,Week 1,,Complete,P0-05,Retrieve op (account + National ID)
Phase 1 — Auth & CIB Account Linking,P1-04,Auth screens (login / signup),Frontend,Week 1,,Not Started,P0-07,
Phase 1 — Auth & CIB Account Linking,P1-05,CIB account-linking screen + API wiring,Frontend,Week 1,,Not Started,"P1-03,P0-02",
Phase 1 — Auth & CIB Account Linking,P1-06,Auth screens (mobile),Mobile,Week 1,,Not Started,P0-08,
Phase 1 — Auth & CIB Account Linking,P1-07,CIB account-linking + API wiring (mobile),Mobile,Week 1,,Not Started,"P1-03,P0-02",
Phase 2 — Fee Search & Display,P2-01,Fee search API by National ID (T24 Retrieve via adapter),Backend,Week 2,,Complete,P1-03,RetrieveCustomerBillingProcedure
Phase 2 — Fee Search & Display,P2-02,Categorized fee model (tuition / bus / books),Backend,Week 2,,Complete,P0-03,
Phase 2 — Fee Search & Display,P2-03,Consolidated view for a parent's children,Backend,Week 2,,Complete,P2-01,
Phase 2 — Fee Search & Display,P2-04,Search screen + categorized & consolidated display + API,Frontend,Week 2,,Not Started,P2-01,
Phase 2 — Fee Search & Display,P2-05,Search screen + fee display + API (mobile),Mobile,Week 2,,Not Started,P2-01,
"Phase 3 — Payment, T24 Integration & Receipts",P3-01,Full & partial payment logic,Backend,Week 3,,Complete,P2-01,
"Phase 3 — Payment, T24 Integration & Receipts",P3-02,T24 payment integration (debit CIB) via adapter,Backend,Week 3,,Complete,P3-01,UpdateCustomerBillingProcedure
"Phase 3 — Payment, T24 Integration & Receipts",P3-03,CIB credit-card payment + EPP plan calc (3/6/12/18),Backend,Week 3,,Complete,P3-01,Generate installment schedule
"Phase 3 — Payment, T24 Integration & Receipts",P3-04,Receipt generation + transaction record + balance update,Backend,Week 3,,Complete,P3-02,
"Phase 3 — Payment, T24 Integration & Receipts",P3-05,Payment flow (full / partial / EPP) + source selection,Frontend,Week 3,,Not Started,P3-01,Account or CIB card
"Phase 3 — Payment, T24 Integration & Receipts",P3-06,Receipt download / print + transaction history,Frontend,Week 3,,Not Started,P3-04,
"Phase 3 — Payment, T24 Integration & Receipts",P3-07,Payment flow + receipt view / download (mobile),Mobile,Week 3,,Not Started,P3-01,
"Phase 4 — Institution Upload, Reports & Notifications",P4-01,Institution CSV upload + field validation,Backend,Week 4,,Complete,P0-03,T24 Request op creates billing
"Phase 4 — Institution Upload, Reports & Notifications",P4-02,Daily summary report by fee type,Backend,Week 4,,Complete,P4-01,
"Phase 4 — Institution Upload, Reports & Notifications",P4-03,Basic notifications (dues + installment dates),Backend,Week 4,,Complete,P3-03,
"Phase 4 — Institution Upload, Reports & Notifications",P4-04,Upload UI + report view + notifications view,Frontend,Week 4,,Not Started,P4-01,
"Phase 4 — Institution Upload, Reports & Notifications",P4-05,Notifications + screen polish (mobile),Mobile,Week 4,,Not Started,P4-03,
Phase 5 — Testing & Delivery (Last 2-3 days),P5-01,End-to-end integration testing across tracks,Shared,Week 4,,Complete,All above,
Phase 5 — Testing & Delivery (Last 2-3 days),P5-02,Bug fixing,Shared,Week 4,,Complete,P5-01,
Phase 5 — Testing & Delivery (Last 2-3 days),P5-03,Documentation (README + API docs + T24 sample req/resp),Shared,Week 4,,Complete,P5-01,
Phase 5 — Testing & Delivery (Last 2-3 days),P5-04,Demo prep + final presentation,Shared,Week 4,,Not Started,P5-02,